scenario,mode,iteration,ms,networkMs,correct,pass,error
"01-title","api","1","37.863499999999476","","true","true",""
"01-title","ui","1","111","38.316","true","true",""
"01-title","api","2","48.90790000000197","","true","true",""
"01-title","ui","2","95.69999998807907","32.233","true","true",""
"01-title","api","3","48.774899999996705","","true","true",""
"01-title","ui","3","94.80000001192093","31.254","true","true",""
"01-title","api","4","69.73929999999746","","true","true",""
"01-title","ui","4","123.5","41.01","true","true",""
"01-title","api","5","51.79320000000007","","true","true",""
"01-title","ui","5","94.29999995231628","33.834","true","true",""
"01-title","api","6","47.45219999999972","","true","true",""
"01-title","ui","6","95.60000002384186","34.658","true","true",""
"01-title","api","7","49.945299999999406","","true","true",""
"01-title","ui","7","94.89999997615814","33.924","true","true",""
"01-title","api","8","50.24150000000009","","true","true",""
"01-title","ui","8","80.20000004768372","31.735","true","true",""
"01-title","api","9","51.63849999999729","","true","true",""
"01-title","ui","9","96.29999995231628","34.367","true","true",""
"01-title","api","10","51.990200000000186","","true","true",""
"01-title","ui","10","128.30000001192093","54.254","true","true",""
"02-author","api","1","37.3862999999983","","true","true",""
"02-author","ui","1","79.59999996423721","19.059","true","true",""
"02-author","api","2","32.569500000001426","","true","true",""
"02-author","ui","2","79","19.564","true","true",""
"02-author","api","3","38.11170000000129","","true","true",""
"02-author","ui","3","102.89999997615814","30.957","true","true",""
"02-author","api","4","49.524099999998725","","true","true",""
"02-author","ui","4","91.90000003576279","18.654","true","true",""
"02-author","api","5","32.25659999999334","","true","true",""
"02-author","ui","5","109","29.452","true","true",""
"02-author","api","6","31.50890000000072","","true","true",""
"02-author","ui","6","94.79999995231628","22.02","true","true",""
"02-author","api","7","31.083599999998114","","true","true",""
"02-author","ui","7","92.10000002384186","27.212","true","true",""
"02-author","api","8","29.264499999997497","","true","true",""
"02-author","ui","8","92.5","19.414","true","true",""
"02-author","api","9","32.3804999999993","","true","true",""
"02-author","ui","9","90.5","19.603","true","true",""
"02-author","api","10","24.734700000000885","","true","true",""
"02-author","ui","10","110.30000001192093","35.486","true","true",""
"03-isbn","api","1","28.560499999999593","","true","true",""
"03-isbn","ui","1","77.39999997615814","15.928","true","true",""
"03-isbn","api","2","23.604099999996834","","true","true",""
"03-isbn","ui","2","76.30000001192093","15.926","true","true",""
"03-isbn","api","3","27.066800000000512","","true","true",""
"03-isbn","ui","3","74.89999997615814","15.954","true","true",""
"03-isbn","api","4","45.45339999999851","","true","true",""
"03-isbn","ui","4","76.60000002384186","14.966","true","true",""
"03-isbn","api","5","31.29420000000391","","true","true",""
"03-isbn","ui","5","62.19999998807907","15.343","true","true",""
"03-isbn","api","6","17.112099999998463","","true","true",""
"03-isbn","ui","6","82.69999998807907","18.074","true","true",""
"03-isbn","api","7","28.018400000000838","","true","true",""
"03-isbn","ui","7","74.89999997615814","17.577","true","true",""
"03-isbn","api","8","32.25129999999626","","true","true",""
"03-isbn","ui","8","94","14.492","true","true",""
"03-isbn","api","9","21.476000000002387","","true","true",""
"03-isbn","ui","9","60.10000002384186","15.015","true","true",""
"03-isbn","api","10","33.83929999999964","","true","true",""
"03-isbn","ui","10","75","20.039","true","true",""
"04-no-accents","api","1","34.314100000003236","","true","true",""
"04-no-accents","ui","1","129","35.766","true","true",""
"04-no-accents","api","2","46.73889999999665","","true","true",""
"04-no-accents","ui","2","124","32.519","true","true",""
"04-no-accents","api","3","51.37569999999687","","true","true",""
"04-no-accents","ui","3","95.59999996423721","30.88","true","true",""
"04-no-accents","api","4","52.9997000000003","","true","true",""
"04-no-accents","ui","4","108.80000001192093","33.583","true","true",""
"04-no-accents","api","5","35.64979999999923","","true","true",""
"04-no-accents","ui","5","111","33.445","true","true",""
"04-no-accents","api","6","39.33149999999296","","true","true",""
"04-no-accents","ui","6","122.39999997615814","34.755","true","true",""
"04-no-accents","api","7","36.60620000000199","","true","true",""
"04-no-accents","ui","7","93.60000002384186","31.336","true","true",""
"04-no-accents","api","8","51.40729999999894","","true","true",""
"04-no-accents","ui","8","112","34.694","true","true",""
"04-no-accents","api","9","44.018300000003364","","true","true",""
"04-no-accents","ui","9","110.89999997615814","33.016","true","true",""
"04-no-accents","api","10","34.50430000000051","","true","true",""
"04-no-accents","ui","10","111.80000001192093","32.863","true","true",""
"05-combined","api","1","52.829399999995076","","true","true",""
"05-combined","ui","1","61.40000003576279","19.335","true","true",""
"05-combined","api","2","35.836999999999534","","true","true",""
"05-combined","ui","2","61.89999997615814","22.939","true","true",""
"05-combined","api","3","37.4742000000042","","true","true",""
"05-combined","ui","3","62.09999996423721","19.337","true","true",""
"05-combined","api","4","23.558300000004238","","true","true",""
"05-combined","ui","4","64.5","21.937","true","true",""
"05-combined","api","5","27.603799999997136","","true","true",""
"05-combined","ui","5","62.5","21.7","true","true",""
"05-combined","api","6","18.185000000004948","","true","true",""
"05-combined","ui","6","63.09999996423721","19.154","true","true",""
"05-combined","api","7","20.321300000003248","","true","true",""
"05-combined","ui","7","62.19999998807907","19.512","true","true",""
"05-combined","api","8","45.26860000000306","","true","true",""
"05-combined","ui","8","61.89999997615814","22.511","true","true",""
"05-combined","api","9","29.438399999999092","","true","true",""
"05-combined","ui","9","45.69999998807907","16.002","true","true",""
"05-combined","api","10","23.317300000002433","","true","true",""
"05-combined","ui","10","62.59999996423721","19.161","true","true",""
"06-next-page","api","1","47.62550000000192","","true","true",""
"06-next-page","ui","1","78.30000001192093","30.927","true","true",""
"06-next-page","api","2","48.36960000000545","","true","true",""
"06-next-page","ui","2","79.59999996423721","31.302","true","true",""
"06-next-page","api","3","32.8862999999983","","true","true",""
"06-next-page","ui","3","97.69999998807907","37.546","true","true",""
"06-next-page","api","4","42.89130000000296","","true","true",""
"06-next-page","ui","4","78.30000001192093","33.143","true","true",""
"06-next-page","api","5","35.44119999999384","","true","true",""
"06-next-page","ui","5","79.69999998807907","32.749","true","true",""
"06-next-page","api","6","44.61070000000473","","true","true",""
"06-next-page","ui","6","95.80000001192093","34.092","true","true",""
"06-next-page","api","7","49.353799999997136","","true","true",""
"06-next-page","ui","7","79","33.314","true","true",""
"06-next-page","api","8","33.71789999999601","","true","true",""
"06-next-page","ui","8","95.70000004768372","35.957","true","true",""
"06-next-page","api","9","44.344300000004296","","true","true",""
"06-next-page","ui","9","80.39999997615814","34.467","true","true",""
"06-next-page","api","10","44.22920000000158","","true","true",""
"06-next-page","ui","10","97.19999998807907","37.075","true","true",""
"07-relevance","api","1","23.453499999995984","","true","true",""
"07-relevance","ui","1","72.79999995231628","21.438","true","true",""
"07-relevance","api","2","24.992300000005343","","true","true",""
"07-relevance","ui","2","72.09999996423721","21.332","true","true",""
"07-relevance","api","3","31.533500000005006","","true","true",""
"07-relevance","ui","3","72.80000001192093","23.298","true","true",""
"07-relevance","api","4","36.95179999999527","","true","true",""
"07-relevance","ui","4","72.10000002384186","19.871","true","true",""
"07-relevance","api","5","26.326600000000326","","true","true",""
"07-relevance","ui","5","64.20000004768372","18.654","true","true",""
"07-relevance","api","6","22.1903999999995","","true","true",""
"07-relevance","ui","6","79.60000002384186","19.365","true","true",""
"07-relevance","api","7","35.41530000000057","","true","true",""
"07-relevance","ui","7","73.19999998807907","18.396","true","true",""
"07-relevance","api","8","22.09309999999823","","true","true",""
"07-relevance","ui","8","70.69999998807907","16.872","true","true",""
"07-relevance","api","9","34.63289999999688","","true","true",""
"07-relevance","ui","9","61.89999997615814","18.365","true","true",""
"07-relevance","api","10","36.03859999999986","","true","true",""
"07-relevance","ui","10","74.5","19.299","true","true",""
"08-publication-year","api","1","31.651000000005297","","true","true",""
"08-publication-year","ui","1","81.89999997615814","20.36","true","true",""
"08-publication-year","api","2","32.189900000004855","","true","true",""
"08-publication-year","ui","2","79.5","17.961","true","true",""
"08-publication-year","api","3","18.902000000001863","","true","true",""
"08-publication-year","ui","3","80.39999997615814","15.955","true","true",""
"08-publication-year","api","4","19.726000000002387","","true","true",""
"08-publication-year","ui","4","73.5","17.838","true","true",""
"08-publication-year","api","5","22.845699999998033","","true","true",""
"08-publication-year","ui","5","75.80000001192093","17.774","true","true",""
"08-publication-year","api","6","30.47030000000086","","true","true",""
"08-publication-year","ui","6","85.5","19.864","true","true",""
"08-publication-year","api","7","33.343300000000454","","true","true",""
"08-publication-year","ui","7","76.10000002384186","18.386","true","true",""
"08-publication-year","api","8","34.37829999999667","","true","true",""
"08-publication-year","ui","8","78.69999998807907","18.632","true","true",""
"08-publication-year","api","9","33.56330000000162","","true","true",""
"08-publication-year","ui","9","78.5","19.988","true","true",""
"08-publication-year","api","10","37.61269999999786","","true","true",""
"08-publication-year","ui","10","75.5","17.191","true","true",""